t,hb_cnt,pedal_cnt,resist_pct,hb_bpm
1568151284.6602552,0,0,0.69,0.22
1568151285.6113226,0,0,0.69,0.22
