t,hb,pedal,resistance
1551050161.306233,0,0,0.04
1551050162.2906504,2,0,0.04
1551050163.3843968,0,0,0.04
1551050164.3687735,2,0,0.04
