t,hb,pedal,resistance
1551146087.3679945,3,0,0.03
1551146088.352314,9,0,0.04
1551146089.3367689,6,0,0.04
1551146090.321106,3,0,0.04
1551146091.4148188,3,0,0.04
