t,hb,pedal,resistance
1551050217.6274076,2,0,0.04
1551050218.6108534,0,0,0.04
1551050219.5952291,2,0,0.04
1551050220.5785139,3,0,0.04
1551050221.6723206,1,0,0.04
