t,hb,pedal,resistance,hb_bpm
1551227412.8744562,0,0,0.04,79.8
1551227413.9681768,0,0,0.03,79.8
1551227414.9525564,0,0,0.03,79.8
