t,hb_cnt,pedal_cnt,resist_pct,hb_bpm
1566079546.8758278,1,0,0.37,300.0
1566079547.854317,1,0,0.37,150.0
